backlogging_cost,half_width,item_id,lead_time,lower,mean,stddev,upper
1000.0,0.6012900253734588,83105,0.0,206.11209527362848,206.71338529900194,3.067806251905402,207.3146753243754
