backlogging_cost,half_width,item_id,lead_time,lower,mean,stddev,upper
10000.0,1.635170904883665,47320,1.0,605.2933911109818,606.9285620158655,8.342708698386046,608.5637329207492
