backlogging_cost,half_width,item_id,lead_time,lower,mean,stddev,upper
1000.0,1.10946401051997,21920,0.0,340.7932098853455,341.90267389586546,5.660530665918214,343.0121379063854
