backlogging_cost,half_width,item_id,lead_time,lower,mean,stddev,upper
1000.0,1.10946401051997,21920,0.0,340.7932098853455,341.90267389586546,5.660530665918214,343.0121379063854
1000.0,1.7215612113176804,21920,1.0,436.7659017439123,438.48746295523,8.783475567947349,440.2090241665477
10000.0,1.3207417727906132,21920,0.0,419.3659585780095,420.6867003508001,6.73847843260517,422.0074421235907
