backlogging_cost,half_width,item_id,lead_time,lower,mean,stddev,upper
1000.0,1.571650056091169,47320,1.0,490.9533664070501,492.5250164631413,8.018622735159026,494.0966665192325
